<?xml version="1.0" encoding="UTF-8"?>
<!DOCTYPE configuration PUBLIC "-//mybatis.org//DTD Config 3.0//EN" "http://mybatis.org/dtd/mybatis-3-config.dtd" >
<configuration>
	<settings>
		<setting name="jdbcTypeForNull" value="NULL" />
	</settings>
	
	<typeAliases>
		<typeAlias type="com.nb.spring.member.model.vo.Member" alias="member"/>
		<typeAlias type="com.nb.spring.product.model.vo.Product" alias="product"/>
		<typeAlias type="com.nb.spring.product.model.vo.ProductImage" alias="productImage"/>
	</typeAliases>
</configuration>
